,total_return,annualized_return,sharpe_ratio,max_drawdown,win_rate,total_trades,avg_return,avg_win,avg_loss,profit_factor,commission,slippage
0,-964.6551828100991,0.0,-0.7717743113710733,-288.8312640419798,32.25806451612903,62,0.03433784253063586,3.8866229118861475,-1.800083619067227,1.1421147449501259,0.001,0.001
