,total_return,annualized_return,sharpe_ratio,max_drawdown,win_rate,total_trades,avg_return,avg_win,avg_loss,profit_factor,commission,slippage
0,-100.1473695841288,0.0,1.0712411085364784,-469.7888931463616,44.919786096256686,187,-0.05402318400375008,1.9249249767781773,-1.6679226549327004,1.1381343209500485,0.001,0.001
